id,first_name,last_name,email,teaches_5th_grade,invitation_code
1,Guilbert,Houten,guilbert.houten@teachers.htl-leonding.ac.at,false,4g8ao88
2,Gennifer,MacNair,gennifer.macnair@teachers.htl-leonding.ac.at,false,1w2do75
3,Kendra,McSkeagan,kendra.mcskeagan@teachers.htl-leonding.ac.at,true,3w2hr51
4,Sydney,MacSwayde,sydney.macswayde@teachers.htl-leonding.ac.at,false,6z8jy06
5,Colleen,Murrigans,colleen.murrigans@teachers.htl-leonding.ac.at,false,7r1by39
6,Amerigo,Albrooke,amerigo.albrooke@teachers.htl-leonding.ac.at,false,2s1fz75
7,Nikki,Mateja,nikki.mateja@teachers.htl-leonding.ac.at,true,5y1pe25
8,Chrystel,Sonnenschein,chrystel.sonnenschein@teachers.htl-leonding.ac.at,true,2v9oq92
9,Harwell,Kevane,harwell.kevane@teachers.htl-leonding.ac.at,false,9e6gi39
10,Nickie,Strongitharm,nickie.strongitharm@teachers.htl-leonding.ac.at,true,8o3di32
11,Tessie,Houltham,tessie.houltham@teachers.htl-leonding.ac.at,true,6f7ab10
12,Phaedra,Skipperbottom,phaedra.skipperbottom@teachers.htl-leonding.ac.at,true,6p8ok95
13,Spenser,Longbone,spenser.longbone@teachers.htl-leonding.ac.at,true,6u8al22
14,Roze,Danher,roze.danher@teachers.htl-leonding.ac.at,true,3w4gs94
15,Colene,Sellor,colene.sellor@teachers.htl-leonding.ac.at,true,7s8ba58
16,Kristos,McKenna,kristos.mckenna@teachers.htl-leonding.ac.at,true,0j1tw53
17,Mirna,Dryburgh,mirna.dryburgh@teachers.htl-leonding.ac.at,false,7e0cb26
18,Isa,Joannic,isa.joannic@teachers.htl-leonding.ac.at,false,4w3da45
19,Pamela,Scampion,pamela.scampion@teachers.htl-leonding.ac.at,false,9t5ci27
20,Tuckie,Sendall,tuckie.sendall@teachers.htl-leonding.ac.at,false,1n9ud19
21,Brandais,Maffezzoli,brandais.maffezzoli@teachers.htl-leonding.ac.at,true,1g5sp63
22,Kerrin,Jeandet,kerrin.jeandet@teachers.htl-leonding.ac.at,false,9q4ah55
23,Mercy,Blanshard,mercy.blanshard@teachers.htl-leonding.ac.at,false,2t0nv19
24,Mal,Arpe,mal.arpe@teachers.htl-leonding.ac.at,false,4o5ll33
25,Drusi,Berthomier,drusi.berthomier@teachers.htl-leonding.ac.at,false,0g7ym31
26,Ev,Sail,ev.sail@teachers.htl-leonding.ac.at,false,0u5gq11
27,Fionna,Gregory,fionna.gregory@teachers.htl-leonding.ac.at,true,1j4bs05
28,Reginauld,Smardon,reginauld.smardon@teachers.htl-leonding.ac.at,false,0n8mr54
29,Gayle,Paten,gayle.paten@teachers.htl-leonding.ac.at,false,9r8zd49
30,Brew,Rathmell,brew.rathmell@teachers.htl-leonding.ac.at,false,4q3su80
31,Ardelis,Drews,ardelis.drews@teachers.htl-leonding.ac.at,false,6q5lf05
32,Aloise,Adrienne,aloise.adrienne@teachers.htl-leonding.ac.at,true,0t2nt71
33,Daniel,Edgeley,daniel.edgeley@teachers.htl-leonding.ac.at,false,9c4ao49
34,Delly,Hammerich,delly.hammerich@teachers.htl-leonding.ac.at,false,7d4wx36
35,Chicky,Riddick,chicky.riddick@teachers.htl-leonding.ac.at,true,9r0jr55
36,Humfrey,Titman,humfrey.titman@teachers.htl-leonding.ac.at,true,3a5da49
37,Aubrey,Gainsbury,aubrey.gainsbury@teachers.htl-leonding.ac.at,true,5t9vn73
38,Roxanna,Simenon,roxanna.simenon@teachers.htl-leonding.ac.at,true,9v7xm62
39,Jorie,Aldwich,jorie.aldwich@teachers.htl-leonding.ac.at,false,7h5lj60
40,Genovera,Bentz,genovera.bentz@teachers.htl-leonding.ac.at,true,1t8jk86
41,Elroy,Sherewood,elroy.sherewood@teachers.htl-leonding.ac.at,false,9q9pj37
42,Donny,Eble,donny.eble@teachers.htl-leonding.ac.at,false,9i3vk91
43,Sunshine,Smidmore,sunshine.smidmore@teachers.htl-leonding.ac.at,false,0c5oq99
44,Lalo,Jaray,lalo.jaray@teachers.htl-leonding.ac.at,true,7k4nq16
45,Zita,Casine,zita.casine@teachers.htl-leonding.ac.at,true,0u8ci55
46,Ozzie,Wealthall,ozzie.wealthall@teachers.htl-leonding.ac.at,true,6c9mb92
47,Meryl,Whardley,meryl.whardley@teachers.htl-leonding.ac.at,true,0p4nr11
48,Javier,Braidman,javier.braidman@teachers.htl-leonding.ac.at,true,3n3an00
49,Bendick,Buckleigh,bendick.buckleigh@teachers.htl-leonding.ac.at,false,5w9bc50
50,Bernadina,Picardo,bernadina.picardo@teachers.htl-leonding.ac.at,false,0e5yi58
