id,first_name,last_name,email,class,invitation_code
1,Korie,Charsley,korie.charsley@students.htl-leonding.ac.at,3CHIF,u3xx066
2,Roy,Haselgrove,roy.haselgrove@students.htl-leonding.ac.at,1DHIF,f3cm005
3,Clemmie,Ollive,clemmie.ollive@students.htl-leonding.ac.at,3DHIF,f4mn824
4,Tobiah,Ollin,tobiah.ollin@students.htl-leonding.ac.at,4DHIF,c4rx510
5,Milt,Crotty,milt.crotty@students.htl-leonding.ac.at,3BHIF,c1bs191
6,Amil,Hastwall,amil.hastwall@students.htl-leonding.ac.at,2CHIF,k3gh226
7,Mattie,Hanwright,mattie.hanwright@students.htl-leonding.ac.at,5DHIF,f1oy027
8,Hortensia,Gavan,hortensia.gavan@students.htl-leonding.ac.at,2BHIF,a4nk843
9,Zola,Wilbore,zola.wilbore@students.htl-leonding.ac.at,1DHIF,g0sc797
10,Janenna,Oppie,janenna.oppie@students.htl-leonding.ac.at,2DHIF,d5ay123
11,Galina,Oneil,galina.oneil@students.htl-leonding.ac.at,1DHIF,p6ia680
12,Bail,Egarr,bail.egarr@students.htl-leonding.ac.at,2CHIF,m1te006
13,Dickie,Gulleford,dickie.gulleford@students.htl-leonding.ac.at,5DHIF,p9eh667
14,Guido,Bessant,guido.bessant@students.htl-leonding.ac.at,5DHIF,o9wh804
15,Winifred,Itzcovichch,winifred.itzcovichch@students.htl-leonding.ac.at,5CHIF,i5lq402
16,Aluino,Wadham,aluino.wadham@students.htl-leonding.ac.at,1DHIF,l3li423
17,Joya,Cruise,joya.cruise@students.htl-leonding.ac.at,3BHIF,q8vt572
18,Dame,Dawtre,dame.dawtre@students.htl-leonding.ac.at,1AHIF,y8aa730
19,Haleigh,Kilvington,haleigh.kilvington@students.htl-leonding.ac.at,4AHIF,t4xy531
20,Tonye,Playfair,tonye.playfair@students.htl-leonding.ac.at,5AHIF,o0bw193
21,Carleton,Hedling,carleton.hedling@students.htl-leonding.ac.at,1BHIF,t1vu461
22,Karol,Breazeall,karol.breazeall@students.htl-leonding.ac.at,3CHIF,k1mr912
23,Daphne,Caverhill,daphne.caverhill@students.htl-leonding.ac.at,5AHIF,w8ib495
24,Phillie,Verdun,phillie.verdun@students.htl-leonding.ac.at,3DHIF,v0uz584
25,Cacilia,Ucchino,cacilia.ucchino@students.htl-leonding.ac.at,5AHIF,v6ba915
26,Percy,Green,percy.green@students.htl-leonding.ac.at,5AHIF,c0nn228
27,Stafford,Piwell,stafford.piwell@students.htl-leonding.ac.at,2DHIF,e3dm520
28,Quentin,Prickett,quentin.prickett@students.htl-leonding.ac.at,4CHIF,d2qp513
29,Ginni,Benda,ginni.benda@students.htl-leonding.ac.at,5CHIF,g4kz546
30,Bili,Brock,bili.brock@students.htl-leonding.ac.at,4CHIF,c6ui056
31,Elizabet,Londer,elizabet.londer@students.htl-leonding.ac.at,5DHIF,p8cn579
32,Arabele,Heasly,arabele.heasly@students.htl-leonding.ac.at,1CHIF,u0xa997
33,Lydie,Pluthero,lydie.pluthero@students.htl-leonding.ac.at,3CHIF,d7mr513
34,Aura,Vasyatkin,aura.vasyatkin@students.htl-leonding.ac.at,4DHIF,p8pq694
35,Yale,Sturrock,yale.sturrock@students.htl-leonding.ac.at,3DHIF,t5ak429
36,Ashien,Gronou,ashien.gronou@students.htl-leonding.ac.at,5BHIF,y4ih178
37,Priscilla,Aguilar,priscilla.aguilar@students.htl-leonding.ac.at,3DHIF,q3ri339
38,Federica,Hinkens,federica.hinkens@students.htl-leonding.ac.at,2AHIF,w6ph138
39,Elfrida,Cockerton,elfrida.cockerton@students.htl-leonding.ac.at,3DHIF,h6ep311
40,Ingelbert,Seleway,ingelbert.seleway@students.htl-leonding.ac.at,3BHIF,c0tl472
41,Laney,Broomer,laney.broomer@students.htl-leonding.ac.at,3CHIF,f8vq066
42,Alvinia,Forde,alvinia.forde@students.htl-leonding.ac.at,3BHIF,y9bp886
43,Mitzi,Bruckstein,mitzi.bruckstein@students.htl-leonding.ac.at,5BHIF,v5al884
44,Everard,Riccione,everard.riccione@students.htl-leonding.ac.at,1BHIF,o7hp649
45,Cassie,Sizey,cassie.sizey@students.htl-leonding.ac.at,5AHIF,t5rm819
46,Desiree,Lennard,desiree.lennard@students.htl-leonding.ac.at,3CHIF,y7qe202
47,Bernice,McSorley,bernice.mcsorley@students.htl-leonding.ac.at,3DHIF,o7wr118
48,Wells,Adin,wells.adin@students.htl-leonding.ac.at,5BHIF,u4ib357
49,Roldan,Stronough,roldan.stronough@students.htl-leonding.ac.at,5CHIF,o5bm320
50,Terese,Vahl,terese.vahl@students.htl-leonding.ac.at,4DHIF,i9xd190
51,Dennie,Buddleigh,dennie.buddleigh@students.htl-leonding.ac.at,2AHIF,p5qr168
52,Keary,Sheahan,keary.sheahan@students.htl-leonding.ac.at,2BHIF,f3qg425
53,Pepillo,Farncomb,pepillo.farncomb@students.htl-leonding.ac.at,5CHIF,t5yr999
54,Wandis,Geroldini,wandis.geroldini@students.htl-leonding.ac.at,4CHIF,l5sk003
55,Andras,O'Grogane,andras.o'grogane@students.htl-leonding.ac.at,2DHIF,r3jd677
56,Krysta,Guice,krysta.guice@students.htl-leonding.ac.at,2DHIF,y4fj200
57,Zollie,Abreheart,zollie.abreheart@students.htl-leonding.ac.at,1DHIF,w4aw583
58,Ferrel,Bartczak,ferrel.bartczak@students.htl-leonding.ac.at,1BHIF,s7tx554
59,Giselle,Brockley,giselle.brockley@students.htl-leonding.ac.at,1CHIF,p6fe185
60,Cynthia,Brumble,cynthia.brumble@students.htl-leonding.ac.at,1CHIF,o3qj746
61,Riobard,Mawby,riobard.mawby@students.htl-leonding.ac.at,3BHIF,o1hl905
62,Stanley,Woollons,stanley.woollons@students.htl-leonding.ac.at,2AHIF,u8pz578
63,Dex,Peinke,dex.peinke@students.htl-leonding.ac.at,5CHIF,n5ca474
64,Carine,Fortune,carine.fortune@students.htl-leonding.ac.at,3AHIF,m0wl490
65,Sarena,Romayne,sarena.romayne@students.htl-leonding.ac.at,1BHIF,c8pc151
66,Leanna,Paslow,leanna.paslow@students.htl-leonding.ac.at,2BHIF,w2ag196
67,Lorne,Klicher,lorne.klicher@students.htl-leonding.ac.at,5AHIF,n2pk273
68,Felita,Furse,felita.furse@students.htl-leonding.ac.at,5AHIF,n7pr556
69,Farand,Schultes,farand.schultes@students.htl-leonding.ac.at,3BHIF,m2fg610
70,Haskell,Inchboard,haskell.inchboard@students.htl-leonding.ac.at,5DHIF,h2wa873
71,Albrecht,Litel,albrecht.litel@students.htl-leonding.ac.at,4BHIF,z3do632
72,Auroora,Tucknott,auroora.tucknott@students.htl-leonding.ac.at,3AHIF,e0zj495
73,Yehudi,Uzelli,yehudi.uzelli@students.htl-leonding.ac.at,5AHIF,x6xe643
74,Arly,Hinrichsen,arly.hinrichsen@students.htl-leonding.ac.at,1BHIF,e9ow805
75,Tris,Paskerful,tris.paskerful@students.htl-leonding.ac.at,5BHIF,m5ld510
76,Erika,Doudney,erika.doudney@students.htl-leonding.ac.at,4CHIF,n6ea179
77,Geneva,Panther,geneva.panther@students.htl-leonding.ac.at,5BHIF,x8ra511
78,Lelia,Sweatman,lelia.sweatman@students.htl-leonding.ac.at,5CHIF,i7mu314
79,Kendra,Crutchfield,kendra.crutchfield@students.htl-leonding.ac.at,1AHIF,d4zi480
80,Jeramey,Pointing,jeramey.pointing@students.htl-leonding.ac.at,4BHIF,o9ev644
81,Henka,Maith,henka.maith@students.htl-leonding.ac.at,5AHIF,f9sd410
82,Guthrie,Prendeguest,guthrie.prendeguest@students.htl-leonding.ac.at,1DHIF,j2ov018
83,Leoline,Jenk,leoline.jenk@students.htl-leonding.ac.at,5BHIF,z8rf825
84,Gene,Bealing,gene.bealing@students.htl-leonding.ac.at,4CHIF,d6dj081
85,Virgina,Torritti,virgina.torritti@students.htl-leonding.ac.at,5CHIF,m5ng339
86,Tailor,Scudder,tailor.scudder@students.htl-leonding.ac.at,3DHIF,y3ar994
87,Nate,Cray,nate.cray@students.htl-leonding.ac.at,4CHIF,q7sh177
88,Kai,Fowell,kai.fowell@students.htl-leonding.ac.at,3BHIF,y0xd537
89,Margalit,Jewes,margalit.jewes@students.htl-leonding.ac.at,5BHIF,f1nv797
90,Brandtr,Canlin,brandtr.canlin@students.htl-leonding.ac.at,5CHIF,w3ie897
91,Melosa,Hrinishin,melosa.hrinishin@students.htl-leonding.ac.at,5CHIF,a3lp414
92,Kelby,Stennett,kelby.stennett@students.htl-leonding.ac.at,3CHIF,v6cu086
93,Olwen,Sudlow,olwen.sudlow@students.htl-leonding.ac.at,2BHIF,w2rd922
94,Elayne,Pendrill,elayne.pendrill@students.htl-leonding.ac.at,5AHIF,y0gx032
95,Julian,Delort,julian.delort@students.htl-leonding.ac.at,4BHIF,t6hh348
96,Lorant,Saunier,lorant.saunier@students.htl-leonding.ac.at,2BHIF,a0cp379
97,Langsdon,Mallabund,langsdon.mallabund@students.htl-leonding.ac.at,4BHIF,g4sf772
98,Thatch,Bonnet,thatch.bonnet@students.htl-leonding.ac.at,3CHIF,e5cz801
99,Tiffi,Jannequin,tiffi.jannequin@students.htl-leonding.ac.at,3DHIF,o2dg654
100,Bill,Goering,bill.goering@students.htl-leonding.ac.at,5DHIF,o7cp637
101,Elsy,Brahan,elsy.brahan@students.htl-leonding.ac.at,2BHIF,j5zr590
102,Ayn,O'Keeffe,ayn.o'keeffe@students.htl-leonding.ac.at,3DHIF,t6ab580
103,Merissa,Tuther,merissa.tuther@students.htl-leonding.ac.at,3BHIF,i4fq431
104,Giselbert,Mound,giselbert.mound@students.htl-leonding.ac.at,2AHIF,d9ff973
105,Christian,Whittam,christian.whittam@students.htl-leonding.ac.at,2AHIF,q2bw820
106,Devlen,McGilbon,devlen.mcgilbon@students.htl-leonding.ac.at,1DHIF,e3vz080
107,Lorin,MacFadden,lorin.macfadden@students.htl-leonding.ac.at,5CHIF,a4ws022
108,Erasmus,Klimecki,erasmus.klimecki@students.htl-leonding.ac.at,5CHIF,d1jg759
109,Vite,Newcomb,vite.newcomb@students.htl-leonding.ac.at,3DHIF,t5zf899
110,Kellen,Dahmel,kellen.dahmel@students.htl-leonding.ac.at,2AHIF,q3lg416
111,Veriee,Stancliffe,veriee.stancliffe@students.htl-leonding.ac.at,4BHIF,r0zn931
112,Delmore,Le Houx,delmore.le houx@students.htl-leonding.ac.at,1DHIF,t3cr770
113,Basilius,Duffitt,basilius.duffitt@students.htl-leonding.ac.at,1CHIF,r4pu442
114,Luciana,Argent,luciana.argent@students.htl-leonding.ac.at,2BHIF,t7ql688
115,Olimpia,Crozier,olimpia.crozier@students.htl-leonding.ac.at,4AHIF,r9ev818
116,Alisun,Jahns,alisun.jahns@students.htl-leonding.ac.at,1DHIF,y3bd204
117,Carol,Austins,carol.austins@students.htl-leonding.ac.at,5CHIF,m0sj679
118,Roxie,Negus,roxie.negus@students.htl-leonding.ac.at,1AHIF,r2ro526
119,Shanna,Pescud,shanna.pescud@students.htl-leonding.ac.at,5DHIF,t5yl387
120,Binni,MacElane,binni.macelane@students.htl-leonding.ac.at,2DHIF,h6dl614
121,Cletis,Bowstead,cletis.bowstead@students.htl-leonding.ac.at,2BHIF,m9pl182
122,Dillon,Stainbridge,dillon.stainbridge@students.htl-leonding.ac.at,3AHIF,a7sc457
123,Chaunce,Letterese,chaunce.letterese@students.htl-leonding.ac.at,5BHIF,a8om363
124,Shepard,Demchen,shepard.demchen@students.htl-leonding.ac.at,5DHIF,u2lk709
125,Emile,Grimsditch,emile.grimsditch@students.htl-leonding.ac.at,4DHIF,s1aq796
126,Alexandra,Saltman,alexandra.saltman@students.htl-leonding.ac.at,5CHIF,p4cu278
127,Chelsey,Pauluzzi,chelsey.pauluzzi@students.htl-leonding.ac.at,4DHIF,l3ce620
128,Easter,Jerram,easter.jerram@students.htl-leonding.ac.at,5CHIF,u8do354
129,Yulma,Pietersma,yulma.pietersma@students.htl-leonding.ac.at,1DHIF,f5mg686
130,Giulio,Rogans,giulio.rogans@students.htl-leonding.ac.at,2BHIF,t8su416
131,Aila,Omar,aila.omar@students.htl-leonding.ac.at,2BHIF,i9uo125
132,Tessa,Cloy,tessa.cloy@students.htl-leonding.ac.at,5DHIF,t4sl449
133,Verena,Pakenham,verena.pakenham@students.htl-leonding.ac.at,2CHIF,a2td906
134,Darin,Constance,darin.constance@students.htl-leonding.ac.at,1DHIF,w5iy268
135,Dael,Nial,dael.nial@students.htl-leonding.ac.at,4AHIF,j9fn319
136,Kennie,Cahen,kennie.cahen@students.htl-leonding.ac.at,2CHIF,i7ar247
137,Broderic,Wetherburn,broderic.wetherburn@students.htl-leonding.ac.at,3DHIF,p0ob535
138,Teri,Glenn,teri.glenn@students.htl-leonding.ac.at,4BHIF,j6rl466
139,Freddi,Shadwick,freddi.shadwick@students.htl-leonding.ac.at,5BHIF,j8tq404
140,Daloris,Ellington,daloris.ellington@students.htl-leonding.ac.at,3DHIF,y8kx425
141,Norby,Lethardy,norby.lethardy@students.htl-leonding.ac.at,5DHIF,n4pj915
142,Milt,Seymour,milt.seymour@students.htl-leonding.ac.at,5AHIF,g5yt519
143,Irving,Chantree,irving.chantree@students.htl-leonding.ac.at,4CHIF,n3oh360
144,Nikita,Leeman,nikita.leeman@students.htl-leonding.ac.at,5AHIF,p2kg453
145,Stesha,Storton,stesha.storton@students.htl-leonding.ac.at,3BHIF,z9zb850
146,Miltie,Walkden,miltie.walkden@students.htl-leonding.ac.at,1CHIF,t1za810
147,Bartlett,Angrock,bartlett.angrock@students.htl-leonding.ac.at,4DHIF,r4kk123
148,Derry,Roughsedge,derry.roughsedge@students.htl-leonding.ac.at,4AHIF,d3rs378
149,Sibley,Currier,sibley.currier@students.htl-leonding.ac.at,4BHIF,y8mv110
150,Jay,Tredget,jay.tredget@students.htl-leonding.ac.at,5AHIF,g2on428
151,Gilly,Killelea,gilly.killelea@students.htl-leonding.ac.at,2AHIF,r8kn425
152,Noellyn,Romei,noellyn.romei@students.htl-leonding.ac.at,3DHIF,k9bx378
153,Rodi,Elacoate,rodi.elacoate@students.htl-leonding.ac.at,5CHIF,z3gf071
154,Ody,Born,ody.born@students.htl-leonding.ac.at,4AHIF,q2cr418
155,Kristian,Brodbin,kristian.brodbin@students.htl-leonding.ac.at,4CHIF,f8zt295
156,Augustine,Achurch,augustine.achurch@students.htl-leonding.ac.at,2CHIF,w4xh207
157,Sarena,Ixer,sarena.ixer@students.htl-leonding.ac.at,2AHIF,a9hn952
158,Shandra,Peasgood,shandra.peasgood@students.htl-leonding.ac.at,5DHIF,k9ag975
159,Lynnelle,Metheringham,lynnelle.metheringham@students.htl-leonding.ac.at,4DHIF,w8hh446
160,Petunia,Yakebovich,petunia.yakebovich@students.htl-leonding.ac.at,2CHIF,g2as747
161,Cassius,Zannotti,cassius.zannotti@students.htl-leonding.ac.at,4DHIF,k7pf742
162,Mikaela,Graal,mikaela.graal@students.htl-leonding.ac.at,4DHIF,z2fw829
163,Sileas,O'Sesnane,sileas.o'sesnane@students.htl-leonding.ac.at,4CHIF,p2ed461
164,Jackson,Realph,jackson.realph@students.htl-leonding.ac.at,1BHIF,f3hl853
165,Tabbatha,Meir,tabbatha.meir@students.htl-leonding.ac.at,1DHIF,i5vq941
166,Reggie,Breslane,reggie.breslane@students.htl-leonding.ac.at,5CHIF,g4np618
167,Cybil,Paudin,cybil.paudin@students.htl-leonding.ac.at,2DHIF,z9go075
168,Edsel,Matus,edsel.matus@students.htl-leonding.ac.at,2AHIF,q5wg858
169,Dawn,Wathell,dawn.wathell@students.htl-leonding.ac.at,2BHIF,i8lr666
170,Rhianon,Metzing,rhianon.metzing@students.htl-leonding.ac.at,5DHIF,h1hj421
171,Elwyn,Pischoff,elwyn.pischoff@students.htl-leonding.ac.at,4AHIF,i5hb052
172,Reece,Telfer,reece.telfer@students.htl-leonding.ac.at,3AHIF,z8oq281
173,Lily,Stapele,lily.stapele@students.htl-leonding.ac.at,3DHIF,m9lw730
174,Hall,Antos,hall.antos@students.htl-leonding.ac.at,3AHIF,j9th000
175,Maire,Rubenovic,maire.rubenovic@students.htl-leonding.ac.at,5CHIF,x1cc063
176,Lurline,Faltin,lurline.faltin@students.htl-leonding.ac.at,3BHIF,j9os950
177,Penelopa,Pirolini,penelopa.pirolini@students.htl-leonding.ac.at,4BHIF,j0em597
178,Muffin,Yarnold,muffin.yarnold@students.htl-leonding.ac.at,1BHIF,v7ui742
179,Teirtza,Lighterness,teirtza.lighterness@students.htl-leonding.ac.at,1BHIF,s7xm828
180,Warren,Eakly,warren.eakly@students.htl-leonding.ac.at,5AHIF,c5lz631
181,Chantal,Ceresa,chantal.ceresa@students.htl-leonding.ac.at,2BHIF,f5bg599
182,Dur,Treadgall,dur.treadgall@students.htl-leonding.ac.at,2DHIF,m3mo782
183,Jennie,Uccelli,jennie.uccelli@students.htl-leonding.ac.at,3AHIF,b8hv986
184,Ozzy,Shah,ozzy.shah@students.htl-leonding.ac.at,5CHIF,t6ct522
185,Chandal,Beale,chandal.beale@students.htl-leonding.ac.at,3CHIF,p7du182
186,Dore,Martino,dore.martino@students.htl-leonding.ac.at,1BHIF,m5vt289
187,Binni,Dablin,binni.dablin@students.htl-leonding.ac.at,4BHIF,a7sg695
188,Malena,Rivard,malena.rivard@students.htl-leonding.ac.at,2CHIF,o2mz662
189,Jaynell,Cowe,jaynell.cowe@students.htl-leonding.ac.at,4BHIF,j3lg052
190,Tonie,Hunton,tonie.hunton@students.htl-leonding.ac.at,5DHIF,k1sw730
191,Gill,Dunmuir,gill.dunmuir@students.htl-leonding.ac.at,2AHIF,c5cl926
192,Flem,McGill,flem.mcgill@students.htl-leonding.ac.at,4DHIF,v3al640
193,Kathryne,Freed,kathryne.freed@students.htl-leonding.ac.at,1DHIF,e8zi887
194,Ilsa,Fligg,ilsa.fligg@students.htl-leonding.ac.at,4DHIF,m4fh748
195,Suzette,Bletso,suzette.bletso@students.htl-leonding.ac.at,1BHIF,v2nh296
196,Sutton,Seint,sutton.seint@students.htl-leonding.ac.at,3AHIF,d0me650
197,Joelie,Tomkiss,joelie.tomkiss@students.htl-leonding.ac.at,2CHIF,g2tx068
198,Fiorenze,Roarty,fiorenze.roarty@students.htl-leonding.ac.at,3AHIF,d7in968
199,Adeline,Adelberg,adeline.adelberg@students.htl-leonding.ac.at,4CHIF,l7gz715
200,Lucas,Busch,lucas.busch@students.htl-leonding.ac.at,1CHIF,p2ir438
201,Paulita,Nussii,paulita.nussii@students.htl-leonding.ac.at,2CHIF,g5vn449
202,Gaspard,Tolwood,gaspard.tolwood@students.htl-leonding.ac.at,1AHIF,b6uz823
203,Sileas,Axelbey,sileas.axelbey@students.htl-leonding.ac.at,3AHIF,s8tl463
204,Cleveland,Burniston,cleveland.burniston@students.htl-leonding.ac.at,1BHIF,x4fw011
205,Hillel,Leverentz,hillel.leverentz@students.htl-leonding.ac.at,5DHIF,w7ny041
206,Maurice,Beeston,maurice.beeston@students.htl-leonding.ac.at,5CHIF,z8qa745
207,Arleyne,Ewing,arleyne.ewing@students.htl-leonding.ac.at,3CHIF,v3hu489
208,Leonelle,Cocozza,leonelle.cocozza@students.htl-leonding.ac.at,4BHIF,l3be172
209,Osgood,Borrington,osgood.borrington@students.htl-leonding.ac.at,2BHIF,w6qv744
210,Dalila,McCrann,dalila.mccrann@students.htl-leonding.ac.at,2CHIF,v6uw538
211,Ermengarde,Heindrich,ermengarde.heindrich@students.htl-leonding.ac.at,3BHIF,b1kd801
212,Mariejeanne,Twort,mariejeanne.twort@students.htl-leonding.ac.at,3AHIF,t8uu991
213,Zita,Lambot,zita.lambot@students.htl-leonding.ac.at,1DHIF,f7sk462
214,Antonius,Scotchmoor,antonius.scotchmoor@students.htl-leonding.ac.at,1CHIF,k5sc283
215,Petra,Venediktov,petra.venediktov@students.htl-leonding.ac.at,1BHIF,p9sj754
216,Vivie,Springthorpe,vivie.springthorpe@students.htl-leonding.ac.at,5CHIF,n5xw282
217,Ossie,Marfe,ossie.marfe@students.htl-leonding.ac.at,2BHIF,d4vv450
218,Seward,Jiricka,seward.jiricka@students.htl-leonding.ac.at,2CHIF,l7fn232
219,Killy,Heyward,killy.heyward@students.htl-leonding.ac.at,4CHIF,e4dp852
220,Branden,Newiss,branden.newiss@students.htl-leonding.ac.at,2DHIF,a5qi265
221,Olympie,Grog,olympie.grog@students.htl-leonding.ac.at,1CHIF,b0ig415
222,Cleveland,Scholl,cleveland.scholl@students.htl-leonding.ac.at,5DHIF,b1ni426
223,Wolfgang,Labusquiere,wolfgang.labusquiere@students.htl-leonding.ac.at,2BHIF,s8is774
224,Angelika,Ojeda,angelika.ojeda@students.htl-leonding.ac.at,2CHIF,j6yv402
225,Isidore,Ateridge,isidore.ateridge@students.htl-leonding.ac.at,4BHIF,m0ab258
226,Cheslie,Rhodus,cheslie.rhodus@students.htl-leonding.ac.at,4AHIF,l5yt336
227,Dunc,Sawkins,dunc.sawkins@students.htl-leonding.ac.at,5BHIF,x7hx019
228,Bailey,Whanstall,bailey.whanstall@students.htl-leonding.ac.at,4AHIF,h6xx033
229,Janka,Boutton,janka.boutton@students.htl-leonding.ac.at,3DHIF,x3ot377
230,Alayne,Wetherick,alayne.wetherick@students.htl-leonding.ac.at,5CHIF,b6er079
231,Desiree,Crecy,desiree.crecy@students.htl-leonding.ac.at,4DHIF,n4yx176
232,Walden,Grime,walden.grime@students.htl-leonding.ac.at,5BHIF,q1fo398
233,Aguie,Readett,aguie.readett@students.htl-leonding.ac.at,5DHIF,v4um231
234,Wynnie,Caso,wynnie.caso@students.htl-leonding.ac.at,5BHIF,c9qg802
235,Che,Walkley,che.walkley@students.htl-leonding.ac.at,4AHIF,t6bk488
236,Alphonse,Gimson,alphonse.gimson@students.htl-leonding.ac.at,5AHIF,b5he890
237,Prisca,Tomblings,prisca.tomblings@students.htl-leonding.ac.at,1BHIF,a4xs784
238,Kimberly,Rundle,kimberly.rundle@students.htl-leonding.ac.at,4DHIF,o1rf371
239,Janna,Mowsdale,janna.mowsdale@students.htl-leonding.ac.at,2AHIF,q1bf218
240,Franz,Cady,franz.cady@students.htl-leonding.ac.at,2CHIF,u2un628
241,Thorin,Desquesnes,thorin.desquesnes@students.htl-leonding.ac.at,5CHIF,a1pb733
242,Valida,Gianullo,valida.gianullo@students.htl-leonding.ac.at,4BHIF,u2wq781
243,Bax,Dixey,bax.dixey@students.htl-leonding.ac.at,5AHIF,q1gb461
244,Alfredo,Jehu,alfredo.jehu@students.htl-leonding.ac.at,4DHIF,r9ke651
245,Durant,Hastwell,durant.hastwell@students.htl-leonding.ac.at,4BHIF,o9na053
246,Conchita,Weyman,conchita.weyman@students.htl-leonding.ac.at,5CHIF,u3so674
247,Cahra,Parcells,cahra.parcells@students.htl-leonding.ac.at,4AHIF,l1ly145
248,Reggie,Woolley,reggie.woolley@students.htl-leonding.ac.at,1BHIF,l7hu868
249,Angelita,Churchouse,angelita.churchouse@students.htl-leonding.ac.at,4DHIF,r4pe197
250,Ailis,Carverhill,ailis.carverhill@students.htl-leonding.ac.at,4AHIF,r6ok505
251,Maximo,O'Dulchonta,maximo.o'dulchonta@students.htl-leonding.ac.at,2BHIF,s7uj182
252,Yvonne,Gulliman,yvonne.gulliman@students.htl-leonding.ac.at,4DHIF,r2hi805
253,Torrin,Forsythe,torrin.forsythe@students.htl-leonding.ac.at,3AHIF,h5ap793
254,Klement,Kershow,klement.kershow@students.htl-leonding.ac.at,1DHIF,s7vt262
255,Freemon,Coonihan,freemon.coonihan@students.htl-leonding.ac.at,1AHIF,j0fx436
256,Neysa,Dancer,neysa.dancer@students.htl-leonding.ac.at,5AHIF,o2li357
257,Luther,Bellingham,luther.bellingham@students.htl-leonding.ac.at,4CHIF,v4zl611
258,Sandor,Donan,sandor.donan@students.htl-leonding.ac.at,4CHIF,f9ws168
259,Englebert,Laffan,englebert.laffan@students.htl-leonding.ac.at,3CHIF,n4rm525
260,Angelle,Fullard,angelle.fullard@students.htl-leonding.ac.at,2AHIF,g3ei913
261,Kristan,Billsberry,kristan.billsberry@students.htl-leonding.ac.at,2DHIF,c5fc307
262,Cate,Currall,cate.currall@students.htl-leonding.ac.at,3AHIF,k9od249
263,Honor,Allum,honor.allum@students.htl-leonding.ac.at,1AHIF,g1sk631
264,Tadeo,Adamovitz,tadeo.adamovitz@students.htl-leonding.ac.at,2BHIF,r0qn985
265,Joey,Argent,joey.argent@students.htl-leonding.ac.at,1DHIF,l3pv020
266,Hammad,Shailer,hammad.shailer@students.htl-leonding.ac.at,1DHIF,j8ol348
267,Devora,Yerill,devora.yerill@students.htl-leonding.ac.at,1DHIF,m4ot011
268,Cari,Readie,cari.readie@students.htl-leonding.ac.at,5DHIF,p1jp685
269,Gilbertina,Wem,gilbertina.wem@students.htl-leonding.ac.at,2BHIF,q2mb453
270,Edna,Fazakerley,edna.fazakerley@students.htl-leonding.ac.at,3BHIF,p4hx034
271,Maximo,Circuit,maximo.circuit@students.htl-leonding.ac.at,5DHIF,l6gh800
272,Marijo,Lepard,marijo.lepard@students.htl-leonding.ac.at,5BHIF,o7lp122
273,Glen,Casarili,glen.casarili@students.htl-leonding.ac.at,3DHIF,p5ff328
274,Wallas,Killerby,wallas.killerby@students.htl-leonding.ac.at,5AHIF,q6tw609
275,Olin,Boaler,olin.boaler@students.htl-leonding.ac.at,3BHIF,k7yv839
276,Colly,Mayoh,colly.mayoh@students.htl-leonding.ac.at,3AHIF,t5zy999
277,Cam,Spearing,cam.spearing@students.htl-leonding.ac.at,5BHIF,o1ki532
278,Shelia,Ivanikhin,shelia.ivanikhin@students.htl-leonding.ac.at,5DHIF,l3sn436
279,Jilleen,Eyer,jilleen.eyer@students.htl-leonding.ac.at,4BHIF,r3mc106
280,Kimbra,Massie,kimbra.massie@students.htl-leonding.ac.at,3CHIF,a6bv419
281,Kirbie,Manhood,kirbie.manhood@students.htl-leonding.ac.at,1CHIF,x9he308
282,Katey,Tenant,katey.tenant@students.htl-leonding.ac.at,4AHIF,s9nq825
283,Constantina,Cejka,constantina.cejka@students.htl-leonding.ac.at,5DHIF,s3fr300
284,Noe,Foskin,noe.foskin@students.htl-leonding.ac.at,3CHIF,f1cb007
285,Westley,Mc Pake,westley.mc pake@students.htl-leonding.ac.at,5CHIF,q7vw841
286,Jean,Robert,jean.robert@students.htl-leonding.ac.at,4DHIF,x0gp060
287,Jamill,Imos,jamill.imos@students.htl-leonding.ac.at,5DHIF,g4jc791
288,Kissie,Warsap,kissie.warsap@students.htl-leonding.ac.at,2CHIF,t4xh649
289,Jo-ann,Soreau,jo-ann.soreau@students.htl-leonding.ac.at,4DHIF,p5oc167
290,Tiphany,Dellenbrook,tiphany.dellenbrook@students.htl-leonding.ac.at,1CHIF,p6uw531
291,Cornela,Huffadine,cornela.huffadine@students.htl-leonding.ac.at,2DHIF,p7fz152
292,Alfy,Newvell,alfy.newvell@students.htl-leonding.ac.at,2CHIF,s4ub914
293,Lula,Buckerfield,lula.buckerfield@students.htl-leonding.ac.at,3CHIF,y2lv667
294,Ruthie,Dunstone,ruthie.dunstone@students.htl-leonding.ac.at,5BHIF,y7ja579
295,Laurice,Mengo,laurice.mengo@students.htl-leonding.ac.at,4AHIF,z1kk460
296,Christophorus,Matteoni,christophorus.matteoni@students.htl-leonding.ac.at,1AHIF,d5jp623
297,Eb,Marston,eb.marston@students.htl-leonding.ac.at,5CHIF,b0cz492
298,Merry,Batham,merry.batham@students.htl-leonding.ac.at,1BHIF,h2fs544
299,Dwayne,Peris,dwayne.peris@students.htl-leonding.ac.at,1DHIF,f2er974
300,Sheilah,Clemon,sheilah.clemon@students.htl-leonding.ac.at,4DHIF,u8im931
301,Letty,Crucetti,letty.crucetti@students.htl-leonding.ac.at,4AHIF,t1oo138
302,Susette,Longbothom,susette.longbothom@students.htl-leonding.ac.at,2CHIF,k8sm207
303,Claudianus,Ricardon,claudianus.ricardon@students.htl-leonding.ac.at,4CHIF,x9dt359
304,Romola,Nethercott,romola.nethercott@students.htl-leonding.ac.at,5AHIF,u1ex497
305,Aggi,Janota,aggi.janota@students.htl-leonding.ac.at,5BHIF,q8mq707
306,Emeline,Woollard,emeline.woollard@students.htl-leonding.ac.at,3DHIF,r9gh687
307,Blayne,Corbridge,blayne.corbridge@students.htl-leonding.ac.at,4CHIF,j6mp061
308,Elora,Goodswen,elora.goodswen@students.htl-leonding.ac.at,4BHIF,s5ub391
309,Billie,Niccolls,billie.niccolls@students.htl-leonding.ac.at,5DHIF,o1ac403
310,Edeline,Golds,edeline.golds@students.htl-leonding.ac.at,2AHIF,t2mw840
311,Zahara,Olensby,zahara.olensby@students.htl-leonding.ac.at,1AHIF,e6au033
312,Peter,Alfwy,peter.alfwy@students.htl-leonding.ac.at,1BHIF,c3bg994
313,Odille,Burrel,odille.burrel@students.htl-leonding.ac.at,2CHIF,f6gl121
314,Debi,Deare,debi.deare@students.htl-leonding.ac.at,5BHIF,g7gr545
315,Timmie,Denness,timmie.denness@students.htl-leonding.ac.at,2DHIF,q5sy066
316,Hugo,Varlow,hugo.varlow@students.htl-leonding.ac.at,4AHIF,v7dz445
317,Rea,Pakes,rea.pakes@students.htl-leonding.ac.at,3AHIF,x0yk969
318,Corri,McLeish,corri.mcleish@students.htl-leonding.ac.at,4CHIF,v3zt075
319,Ardeen,Tewelson,ardeen.tewelson@students.htl-leonding.ac.at,5AHIF,g7ci599
320,Kellsie,Guinnane,kellsie.guinnane@students.htl-leonding.ac.at,2AHIF,j4ie370
321,Theressa,Downe,theressa.downe@students.htl-leonding.ac.at,5DHIF,l7cw592
322,Robbie,Willwood,robbie.willwood@students.htl-leonding.ac.at,4DHIF,o6tg163
323,Grissel,Ciementini,grissel.ciementini@students.htl-leonding.ac.at,5CHIF,n4bk107
324,Candice,Alu,candice.alu@students.htl-leonding.ac.at,5CHIF,o4nc787
325,Jenn,Buckle,jenn.buckle@students.htl-leonding.ac.at,3CHIF,i8ai885
326,Ceil,Welberry,ceil.welberry@students.htl-leonding.ac.at,2CHIF,w0wv824
327,Frances,Brixey,frances.brixey@students.htl-leonding.ac.at,4AHIF,v6bz420
328,Daria,Le Provost,daria.le provost@students.htl-leonding.ac.at,1CHIF,l3hq712
329,Carlina,Kick,carlina.kick@students.htl-leonding.ac.at,2BHIF,z2hg567
330,Bevvy,Heams,bevvy.heams@students.htl-leonding.ac.at,4BHIF,l6rm246
331,Ursa,Apps,ursa.apps@students.htl-leonding.ac.at,3CHIF,h5zt884
332,Matthiew,MacKee,matthiew.mackee@students.htl-leonding.ac.at,3AHIF,u1qe968
333,Tabina,Halleday,tabina.halleday@students.htl-leonding.ac.at,3DHIF,g1ec912
334,Ailey,Arbon,ailey.arbon@students.htl-leonding.ac.at,4BHIF,j1fw146
335,Gonzalo,Spacy,gonzalo.spacy@students.htl-leonding.ac.at,3CHIF,v9ad588
336,Shurlocke,Covill,shurlocke.covill@students.htl-leonding.ac.at,3CHIF,h1ro237
337,Herschel,MacFadden,herschel.macfadden@students.htl-leonding.ac.at,3AHIF,x9jj395
338,Allissa,Cana,allissa.cana@students.htl-leonding.ac.at,1CHIF,g3rg934
339,Bourke,Cudde,bourke.cudde@students.htl-leonding.ac.at,3BHIF,h4ki838
340,Edith,Walrond,edith.walrond@students.htl-leonding.ac.at,2CHIF,l8li716
341,Pascal,Pley,pascal.pley@students.htl-leonding.ac.at,5CHIF,g9rc963
342,Michele,Grint,michele.grint@students.htl-leonding.ac.at,1CHIF,p5cc198
343,Tessy,Adger,tessy.adger@students.htl-leonding.ac.at,1DHIF,t6ie378
344,Toby,Willmett,toby.willmett@students.htl-leonding.ac.at,4BHIF,n8gk731
345,Gilburt,Benton,gilburt.benton@students.htl-leonding.ac.at,3BHIF,h1at387
346,Marnia,Hinemoor,marnia.hinemoor@students.htl-leonding.ac.at,1BHIF,x8ry811
347,Emmy,Adelberg,emmy.adelberg@students.htl-leonding.ac.at,2BHIF,q0va095
348,Abbe,Furniss,abbe.furniss@students.htl-leonding.ac.at,3AHIF,p8uf808
349,Kendre,Gratrex,kendre.gratrex@students.htl-leonding.ac.at,1AHIF,m5fz615
350,Basilius,Moyles,basilius.moyles@students.htl-leonding.ac.at,5AHIF,x3dp785
351,Oren,Kenington,oren.kenington@students.htl-leonding.ac.at,2AHIF,x8zm490
352,Sam,Worvell,sam.worvell@students.htl-leonding.ac.at,1CHIF,z3vq943
353,Dela,Effaunt,dela.effaunt@students.htl-leonding.ac.at,3DHIF,z7ln202
354,Calida,Shields,calida.shields@students.htl-leonding.ac.at,1AHIF,q7sx272
355,Kattie,McGettigan,kattie.mcgettigan@students.htl-leonding.ac.at,1CHIF,q5pc755
356,Mufinella,Blewmen,mufinella.blewmen@students.htl-leonding.ac.at,2AHIF,s3gg919
357,Stirling,Ondrusek,stirling.ondrusek@students.htl-leonding.ac.at,5BHIF,l8ny705
358,Tirrell,Hilley,tirrell.hilley@students.htl-leonding.ac.at,2AHIF,q7tq515
359,Farleigh,Egginson,farleigh.egginson@students.htl-leonding.ac.at,5DHIF,a5ux507
360,Lynnell,Bennit,lynnell.bennit@students.htl-leonding.ac.at,4DHIF,e1kt418
361,Northrop,Wiffen,northrop.wiffen@students.htl-leonding.ac.at,4AHIF,b3wt384
362,Avictor,O'Corrigane,avictor.o'corrigane@students.htl-leonding.ac.at,3AHIF,r4fd389
363,Rorie,Brik,rorie.brik@students.htl-leonding.ac.at,4AHIF,g9ps848
364,Angelika,Mattaus,angelika.mattaus@students.htl-leonding.ac.at,5BHIF,l2py502
365,Lizzy,Raccio,lizzy.raccio@students.htl-leonding.ac.at,1AHIF,v6hh790
366,Sydney,Cuffin,sydney.cuffin@students.htl-leonding.ac.at,3AHIF,l5pe110
367,Shandeigh,Eger,shandeigh.eger@students.htl-leonding.ac.at,1BHIF,r2qf989
368,Leeland,Kas,leeland.kas@students.htl-leonding.ac.at,3CHIF,z9iy265
369,Colly,Moughtin,colly.moughtin@students.htl-leonding.ac.at,1DHIF,b9ih457
370,Pablo,Verecker,pablo.verecker@students.htl-leonding.ac.at,1DHIF,p5ke843
371,Estele,Reece,estele.reece@students.htl-leonding.ac.at,4CHIF,y0fz093
372,Kai,Stanway,kai.stanway@students.htl-leonding.ac.at,2CHIF,n0oq440
373,Arthur,Hinkley,arthur.hinkley@students.htl-leonding.ac.at,1BHIF,j8yx739
374,Elnora,Reading,elnora.reading@students.htl-leonding.ac.at,4CHIF,w1ls284
375,Harlen,Brobak,harlen.brobak@students.htl-leonding.ac.at,4BHIF,u6rm235
376,Nickolaus,Scini,nickolaus.scini@students.htl-leonding.ac.at,4DHIF,v2hm169
377,Florida,Hoyes,florida.hoyes@students.htl-leonding.ac.at,5CHIF,c2ww141
378,Eddy,Smewin,eddy.smewin@students.htl-leonding.ac.at,5AHIF,b2xh055
379,Daniella,Dacombe,daniella.dacombe@students.htl-leonding.ac.at,5CHIF,e7kx733
380,Sallyann,Cockayne,sallyann.cockayne@students.htl-leonding.ac.at,5DHIF,g0el606
381,Berne,Van den Velden,berne.van den velden@students.htl-leonding.ac.at,3DHIF,i7jb764
382,Luciano,Clampe,luciano.clampe@students.htl-leonding.ac.at,2DHIF,p1al293
383,Kelby,Dahmel,kelby.dahmel@students.htl-leonding.ac.at,5AHIF,l3dt790
384,Angel,Czapla,angel.czapla@students.htl-leonding.ac.at,2DHIF,j4ea808
385,Jordan,Robertsen,jordan.robertsen@students.htl-leonding.ac.at,5DHIF,q7uh277
386,Melessa,Pearse,melessa.pearse@students.htl-leonding.ac.at,1DHIF,i7qu526
387,Desmond,Meedendorpe,desmond.meedendorpe@students.htl-leonding.ac.at,1AHIF,c6tm216
388,Arley,Motto,arley.motto@students.htl-leonding.ac.at,2CHIF,q3lh994
389,Del,Carmichael,del.carmichael@students.htl-leonding.ac.at,5CHIF,r1pw607
390,Boigie,Toppas,boigie.toppas@students.htl-leonding.ac.at,2CHIF,x0bc095
391,Jayson,Avrahamoff,jayson.avrahamoff@students.htl-leonding.ac.at,5AHIF,l2kk899
392,Quent,Howlett,quent.howlett@students.htl-leonding.ac.at,4CHIF,j2kf484
393,Anet,Burrell,anet.burrell@students.htl-leonding.ac.at,3AHIF,a7ok173
394,Marcia,Wallsworth,marcia.wallsworth@students.htl-leonding.ac.at,4AHIF,w8ek198
395,Ami,Brickett,ami.brickett@students.htl-leonding.ac.at,4DHIF,g4up307
396,Tandie,Cicetti,tandie.cicetti@students.htl-leonding.ac.at,2DHIF,l5td795
397,Anette,McCracken,anette.mccracken@students.htl-leonding.ac.at,2AHIF,f5hf267
398,Pietrek,Hallet,pietrek.hallet@students.htl-leonding.ac.at,1DHIF,q0sx452
399,Rodd,McDuffie,rodd.mcduffie@students.htl-leonding.ac.at,5BHIF,e5en019
400,Wanda,Hedgeman,wanda.hedgeman@students.htl-leonding.ac.at,1AHIF,h7gu740
401,Orel,Entwistle,orel.entwistle@students.htl-leonding.ac.at,5BHIF,v3vg007
402,Alecia,Puddicombe,alecia.puddicombe@students.htl-leonding.ac.at,4BHIF,t3fh308
403,Shirlee,Hurrell,shirlee.hurrell@students.htl-leonding.ac.at,3BHIF,y7dt699
404,Nikolaus,Satcher,nikolaus.satcher@students.htl-leonding.ac.at,4AHIF,p3mx293
405,Bart,Cotelard,bart.cotelard@students.htl-leonding.ac.at,2CHIF,r0fy203
406,Goddard,Goshawke,goddard.goshawke@students.htl-leonding.ac.at,5AHIF,y2al012
407,Estrella,Fidoe,estrella.fidoe@students.htl-leonding.ac.at,2AHIF,p1fo883
408,Terza,Scramage,terza.scramage@students.htl-leonding.ac.at,3BHIF,t3ct130
409,Lavena,Enocksson,lavena.enocksson@students.htl-leonding.ac.at,2DHIF,r5vp273
410,Staffard,Barwell,staffard.barwell@students.htl-leonding.ac.at,3BHIF,j9ud879
411,Jaimie,Duberry,jaimie.duberry@students.htl-leonding.ac.at,3DHIF,k6yk866
412,Randolph,Domini,randolph.domini@students.htl-leonding.ac.at,1DHIF,d7dq833
413,Darcie,Blanch,darcie.blanch@students.htl-leonding.ac.at,1BHIF,w0ga452
414,Filmer,Gibbin,filmer.gibbin@students.htl-leonding.ac.at,5CHIF,w4gb432
415,Flo,Polini,flo.polini@students.htl-leonding.ac.at,4DHIF,b7dx527
416,Morton,Bakhrushin,morton.bakhrushin@students.htl-leonding.ac.at,4DHIF,k7kb653
417,Carmelia,Gavrieli,carmelia.gavrieli@students.htl-leonding.ac.at,3CHIF,e5oq215
418,Carlynne,Blanchet,carlynne.blanchet@students.htl-leonding.ac.at,3BHIF,z3dl616
419,Veradis,Hanwell,veradis.hanwell@students.htl-leonding.ac.at,5CHIF,b7gd213
420,Marco,Kenna,marco.kenna@students.htl-leonding.ac.at,1DHIF,d7xn049
421,Padgett,Seaking,padgett.seaking@students.htl-leonding.ac.at,3DHIF,p2zs091
422,Justinian,Couchman,justinian.couchman@students.htl-leonding.ac.at,4AHIF,a6db422
423,Korney,Saddington,korney.saddington@students.htl-leonding.ac.at,2CHIF,h3lf998
424,Adolphe,Gilloran,adolphe.gilloran@students.htl-leonding.ac.at,3AHIF,o0iu450
425,Dale,Kenset,dale.kenset@students.htl-leonding.ac.at,4AHIF,x0qs711
426,Winna,Mixon,winna.mixon@students.htl-leonding.ac.at,1DHIF,s9bu739
427,Wilbur,Dotterill,wilbur.dotterill@students.htl-leonding.ac.at,2AHIF,b0sm407
428,Lea,Troup,lea.troup@students.htl-leonding.ac.at,5CHIF,c9cq699
429,Rafaello,Siddell,rafaello.siddell@students.htl-leonding.ac.at,2CHIF,v9ou822
430,Cal,Snadden,cal.snadden@students.htl-leonding.ac.at,2CHIF,y0fd395
431,Delmore,Bernat,delmore.bernat@students.htl-leonding.ac.at,3DHIF,u3jh651
432,Isadora,Di Maggio,isadora.di maggio@students.htl-leonding.ac.at,4BHIF,c9wr988
433,Joannes,Deex,joannes.deex@students.htl-leonding.ac.at,2BHIF,j7uj790
434,Aime,Arkwright,aime.arkwright@students.htl-leonding.ac.at,3AHIF,h2mi402
435,Deborah,Perschke,deborah.perschke@students.htl-leonding.ac.at,2DHIF,d7te676
436,Amanda,Maytum,amanda.maytum@students.htl-leonding.ac.at,4DHIF,c1qy488
437,Crawford,Krolle,crawford.krolle@students.htl-leonding.ac.at,2AHIF,b9kj126
438,Serena,Reddie,serena.reddie@students.htl-leonding.ac.at,3DHIF,h5ti715
439,Prudence,Colpus,prudence.colpus@students.htl-leonding.ac.at,3DHIF,u3ge013
440,Jeannette,Harken,jeannette.harken@students.htl-leonding.ac.at,2AHIF,f7ux911
441,Kyla,Bedwell,kyla.bedwell@students.htl-leonding.ac.at,2DHIF,j2kg275
442,Charline,Jacquest,charline.jacquest@students.htl-leonding.ac.at,3DHIF,l6mi371
443,Dominic,Tewelson,dominic.tewelson@students.htl-leonding.ac.at,5AHIF,v0vy342
444,Gayel,McDonald,gayel.mcdonald@students.htl-leonding.ac.at,1AHIF,e0im322
445,Nerissa,Newbegin,nerissa.newbegin@students.htl-leonding.ac.at,3AHIF,v6gy404
446,Shirlee,Errichelli,shirlee.errichelli@students.htl-leonding.ac.at,5BHIF,t4an888
447,Daffie,Henner,daffie.henner@students.htl-leonding.ac.at,1AHIF,m8gn946
448,Desi,Teffrey,desi.teffrey@students.htl-leonding.ac.at,4DHIF,b8rs318
449,Giselbert,Porker,giselbert.porker@students.htl-leonding.ac.at,5BHIF,q8zl311
450,Hugo,Ghidelli,hugo.ghidelli@students.htl-leonding.ac.at,3CHIF,i2ip633
451,Lyndsay,Featherstonhaugh,lyndsay.featherstonhaugh@students.htl-leonding.ac.at,2CHIF,k1ol178
452,Randolf,Sherel,randolf.sherel@students.htl-leonding.ac.at,2DHIF,c7oy412
453,Buckie,Mobley,buckie.mobley@students.htl-leonding.ac.at,2AHIF,j8wf275
454,Allan,Crayker,allan.crayker@students.htl-leonding.ac.at,5BHIF,q2tj066
455,Caro,Jeacocke,caro.jeacocke@students.htl-leonding.ac.at,4BHIF,q3qn495
456,Adel,Rainsden,adel.rainsden@students.htl-leonding.ac.at,1BHIF,y6ku329
457,Silva,Alesi,silva.alesi@students.htl-leonding.ac.at,2BHIF,w3bp038
458,Vanny,Cordeix,vanny.cordeix@students.htl-leonding.ac.at,1DHIF,w6xv866
459,Berrie,Vose,berrie.vose@students.htl-leonding.ac.at,2BHIF,p7fj378
460,Karlee,Eckels,karlee.eckels@students.htl-leonding.ac.at,1BHIF,s5kf025
461,Crin,Knath,crin.knath@students.htl-leonding.ac.at,2CHIF,e3cw625
462,Janean,Olivelli,janean.olivelli@students.htl-leonding.ac.at,1AHIF,t4dc472
463,Riva,Guilayn,riva.guilayn@students.htl-leonding.ac.at,4AHIF,q9dk532
464,Lara,Bowkley,lara.bowkley@students.htl-leonding.ac.at,1DHIF,p2xa333
465,Ericha,Foch,ericha.foch@students.htl-leonding.ac.at,1DHIF,r5wk270
466,Camilla,Vincent,camilla.vincent@students.htl-leonding.ac.at,4CHIF,j9hs527
467,Garner,Flahy,garner.flahy@students.htl-leonding.ac.at,5AHIF,j6yr200
468,Robinette,Brunet,robinette.brunet@students.htl-leonding.ac.at,5AHIF,c5im294
469,Noble,Waith,noble.waith@students.htl-leonding.ac.at,3CHIF,r3ei310
470,Danette,Petrusch,danette.petrusch@students.htl-leonding.ac.at,4AHIF,g3ho620
471,Forest,Ibbs,forest.ibbs@students.htl-leonding.ac.at,4AHIF,o5wb075
472,Fenelia,Giurio,fenelia.giurio@students.htl-leonding.ac.at,5BHIF,z8lf885
473,Alleyn,Borit,alleyn.borit@students.htl-leonding.ac.at,3DHIF,b1mr049
474,Ermin,Loins,ermin.loins@students.htl-leonding.ac.at,3DHIF,h1id062
475,Freddie,Caslake,freddie.caslake@students.htl-leonding.ac.at,2CHIF,z9jh468
476,Golda,Screaton,golda.screaton@students.htl-leonding.ac.at,5DHIF,c5rj870
477,Britt,Icom,britt.icom@students.htl-leonding.ac.at,1AHIF,p2vi304
478,Ainslee,Ligertwood,ainslee.ligertwood@students.htl-leonding.ac.at,5DHIF,c2oa738
479,Chick,Old,chick.old@students.htl-leonding.ac.at,2AHIF,n2uf252
480,Perle,O' Brian,perle.o' brian@students.htl-leonding.ac.at,2DHIF,t2kr017
481,Gray,Sibthorp,gray.sibthorp@students.htl-leonding.ac.at,1AHIF,z0wl807
482,Bevan,Rowat,bevan.rowat@students.htl-leonding.ac.at,3CHIF,y5gg207
483,Candide,Canada,candide.canada@students.htl-leonding.ac.at,4DHIF,q9li995
484,Eugene,Bessom,eugene.bessom@students.htl-leonding.ac.at,5CHIF,m9fp291
485,Bernette,Kelley,bernette.kelley@students.htl-leonding.ac.at,1AHIF,j2al093
486,Janis,Belfitt,janis.belfitt@students.htl-leonding.ac.at,2AHIF,a8tj337
487,Boone,Warden,boone.warden@students.htl-leonding.ac.at,1DHIF,v3zg103
488,Hal,Murrigan,hal.murrigan@students.htl-leonding.ac.at,5CHIF,z4yc352
489,Jarrid,Zorro,jarrid.zorro@students.htl-leonding.ac.at,1DHIF,w6fw348
490,Stephanus,Soltan,stephanus.soltan@students.htl-leonding.ac.at,2AHIF,i6ja972
491,Mallory,Caizley,mallory.caizley@students.htl-leonding.ac.at,1AHIF,g5di041
492,Betteanne,Moden,betteanne.moden@students.htl-leonding.ac.at,3CHIF,e5sm085
493,Stella,Thoresbie,stella.thoresbie@students.htl-leonding.ac.at,1DHIF,b3qm338
494,Dukey,Roscamps,dukey.roscamps@students.htl-leonding.ac.at,4DHIF,r8ul611
495,Harvey,Orneblow,harvey.orneblow@students.htl-leonding.ac.at,3CHIF,r2oz903
496,Karol,McAughtry,karol.mcaughtry@students.htl-leonding.ac.at,4DHIF,g8ei713
497,Murvyn,Fortie,murvyn.fortie@students.htl-leonding.ac.at,3BHIF,y0sb283
498,Dolorita,Jantot,dolorita.jantot@students.htl-leonding.ac.at,4AHIF,n2pr721
499,Eb,Lardnar,eb.lardnar@students.htl-leonding.ac.at,1DHIF,h5lv516
500,Fritz,Snaden,fritz.snaden@students.htl-leonding.ac.at,3BHIF,k5xa812
